{
	"class_name" : "PinholeCameraParameters",
	"extrinsic" : 
	[
		0.96960673362106609,
		0.052150701401546658,
		0.23904620151764383,
		0.0,
		-0.22787272496460151,
		-0.16326984653575288,
		0.95990467153223036,
		0.0,
		0.089088738535767431,
		-0.98520214248423077,
		-0.14642382016115837,
		0.0,
		-60015.303534934166,
		202393.5654111066,
		73519.801626401342,
		1.0
	],
	"intrinsic" : 
	{
		"height" : 1051,
		"intrinsic_matrix" : 
		[
			910.19269937744502,
			0.0,
			0.0,
			0.0,
			910.19269937744502,
			0.0,
			959.5,
			525.0,
			1.0
		],
		"width" : 1920
	},
	"version_major" : 1,
	"version_minor" : 0
}